keyword,aweme_id,user_id,location,published_at,text,post_url
工地机器人,7567725943410707747,MS4wLjABAAAAUZNaQbXsvaWM71WEkgwD4N3E_g0_uvdBP80OIhXrvrk,,2025-11-01 20:02:07,机器人盖楼，五天一层。绑钢筋 放线 浇筑 覆膜样样精通 #机器人 #建筑机器人 #工地 #机器人应用 #建筑,https://www.douyin.com/video/7567725943410707747
工地机器人,7611524021917682978,MS4wLjABAAAAk8hAD5mPK330cl2KS19RpUl8lh4FXqiY4AL5_2VGNZs,,2026-02-27 20:41:28,机器人竟然进军建筑行业，开始砌砖抹灰铺地砖了！ 从任务规划到调度到执行甚至导航，碧桂园的每一个建筑机器人都被多机施工系统这个超级大脑安排得明明白白，自成一套全周期施工闭环， 目前碧桂园的机器人施工面积已经突破了3000 万平方米，如果按一百平米的房子来算，这些粉色机器人已参与施工了约 30 万套住宅！项目覆盖国内 31个省市和海外 13个国家，简直太牛了，曾经只存在于科幻电影里的画面，正在成为现实 #科技 #碧桂园 #硅基智能 #司马华鹏,https://www.douyin.com/video/7611524021917682978
工地机器人,7539843351651175699,MS4wLjABAAAAMR4SFokU1RUkvKdwbOewQBbeUZT6JJwJy7XrlrlMjbg,,2025-08-18 18:45:00,科技改变生活，机器人不仅能贴砖刮腻子，还能3D打印房子 #建筑 #机器人 #施工现场 #科技改变生活,https://www.douyin.com/video/7539843351651175699
工地机器人,7169891161530764581,MS4wLjABAAAAazXjeQY3xlQtBpGvLGiU8DA7EyxbF9uNPeIrQ_aEraff6Oz9jbJ6SQoeGpAYxveh,,2022-11-26 11:21:00,搬砖机器人亮相，不努力搬砖都没机会了#科技改变生活 #机器人 #工地,https://www.douyin.com/video/7169891161530764581
工地机器人,7161384666316967201,MS4wLjABAAAAke3ILdiE5V5Nawq8HnP-j_GNjccMVGmzpxSeAMYJ1zc8kpgv4d_KL7ZiGJWqDTb1,,2022-11-03 18:00:39,硬核粉色科技：机器人“工友”开始盖房子，建筑行业的变革就此开始！#碧桂园,https://www.douyin.com/video/7161384666316967201
工地机器人,7610342404096363816,MS4wLjABAAAAPzfttpiX4ttITgYeZYWfTXoCiBKxpoDDAglNMoVcFi4,,2026-02-24 19:00:00,从人工到智能！机器人承包脏累活，赋能行业升级 #建筑 #建筑机器人 #施工现场实拍 #工地,https://www.douyin.com/video/7610342404096363816
工地机器人,7505957532305722658,MS4wLjABAAAA6WFahm0INx6g5DVB4hmyb_Hjtj_0MvH4cQXbhVwuZFU,,2025-05-19 09:11:09,哪些机器人能上工地？ 哪些建筑机器人真正能落地？在营销号的引导下，可能我们的预期都太高了。#建筑机器人,https://www.douyin.com/video/7505957532305722658
工地机器人,7615888081542974756,MS4wLjABAAAAPzfttpiX4ttITgYeZYWfTXoCiBKxpoDDAglNMoVcFi4,,2026-03-11 19:00:00,佛山工地迎来智能工友，AI 赋能建筑新场景 佛山工地迎来智能工友，AI 赋能建筑新场景 #建筑机器人 #施工现场实拍 #工地 #建筑,https://www.douyin.com/video/7615888081542974756
施工机器人,7617786517931244977,MS4wLjABAAAAnIvpt-ASqOlbmCV04Z0ibLUE__ah_cIavckSL8A3Ot0GiwDHCbPm2aTS5NHgu1D4,,2026-03-16 17:42:18,能施工重塑整个行业的施工模式 #装修 #机器人施工 #涨知识,https://www.douyin.com/video/7617786517931244977
施工机器人,7539843351651175699,MS4wLjABAAAAMR4SFokU1RUkvKdwbOewQBbeUZT6JJwJy7XrlrlMjbg,,2025-08-18 18:45:00,科技改变生活，机器人不仅能贴砖刮腻子，还能3D打印房子 #建筑 #机器人 #施工现场 #科技改变生活,https://www.douyin.com/video/7539843351651175699
施工机器人,7480467392636701961,MS4wLjABAAAAPzfttpiX4ttITgYeZYWfTXoCiBKxpoDDAglNMoVcFi4,,2025-03-11 18:42:00,工地施工开启新时代，以后“机器换人”还是“人机共舞”？ #建筑 #建筑机器人 #工地 #施工现场实拍 #智能建造,https://www.douyin.com/video/7480467392636701961
施工机器人,7548040991635197199,MS4wLjABAAAAsLxy2k9zCsF4DilaWa_MObijeJP8UWfwu8tb1n-gh6qFHRFyStri_9-daE2vKO73,,2025-09-09 18:54:14,国产机器人要把工地“卷”疯了！ #机器人 #搬砖 #科技,https://www.douyin.com/video/7548040991635197199
施工机器人,7476017434940476722,MS4wLjABAAAAPzfttpiX4ttITgYeZYWfTXoCiBKxpoDDAglNMoVcFi4,,2025-02-27 18:47:00,机器人都来抢建筑“饭碗”了，传统工艺会被淘汰吗？ #建筑 #建筑机器人 #工地 #施工现场实拍,https://www.douyin.com/video/7476017434940476722
施工机器人,6980620383317740831,MS4wLjABAAAAUjDx813gkua_ffqononLBXOet6Buyyef4-Unt3FS2Ik,,2021-07-03 16:52:27,一款结合BIM模型数据的建筑工地自动放线机器人 #人工智能 #智慧工地 #科技 #机器人 #新基建,https://www.douyin.com/video/6980620383317740831
施工机器人,7098516724080790821,MS4wLjABAAAAZUro5hBsyqnrw2udynEb-PbDwf6SH6dcnhiY2nBDvrg,,2022-05-18 17:45:00,#施工现场实拍 机器人腻子涂敷作业全程记录，带你走进机器人施工现场！想知道机器人如何加料、如何完成狭窄区域作业吗？点进来，一起“监工”机器人干活~#博智林机器人 #腻子喷涂机,https://www.douyin.com/video/7098516724080790821
施工机器人,7376953686448246056,MS4wLjABAAAAvsnv1yhDlQKYu2NiWI-BZeLD2z95yKSRlEktoT6oUkY,,2024-06-05 17:48:01,6月5日（采访时间），山东首台“造楼机”——“天蝉”住宅施工机器人系统落地青岛，住宅建设迈入智能建造时代！据了解，它可以实现五天一层的效率，节省人工近50%。,https://www.douyin.com/video/7376953686448246056
建筑机器人,7481856216080223529,MS4wLjABAAAATKzEuX2gMOAQEOF_kpB3FonSfraygsBik_85B1FE5DI,,2025-03-15 10:26:46,高科技人工智能，中国钢铁侠进入工地，3天盖房成本砍半！ #智能制造 #机械制造与自动化 #自动化生产线 #中国智造 #科技改变生活 中国“钢铁侠”杀入工地！3天盖别墅+日砌3000砖，建筑工人集体失业倒计时？,https://www.douyin.com/video/7481856216080223529
建筑机器人,7416322481004318004,MS4wLjABAAAANj9414mRm2BT1gGQRChDHU6eZCHUehn9oeadFCATCUsyre6-VKntQZhSJSAGw4Fq,,2024-09-19 20:00:54,德国人发明的房屋建造机器人，两天内就可以建造一套房子 #建筑机器人#自助砌砖一体机#新型科技,https://www.douyin.com/video/7416322481004318004
建筑机器人,7527634986187410731,MS4wLjABAAAAv5wMd4hHoudeAnnIoPr1RsvyqV-dt684wx18Mz7YVDuEchv20qUj6Mb_qhaxaItM,,2025-07-16 19:08:41,上海奇迹 432台机器人搬楼 7500吨大楼变移动城堡 古有愚公移山，今有机器人搬楼！今日，432个小型步履式移位机器人组成了机器人钢铁方阵，将上海重7500吨的建筑群“华严里”以日均十米的速度，将其顺利挪至指定位置，真成移动城堡了！#机器人 #上海“华严里”,https://www.douyin.com/video/7527634986187410731
建筑机器人,7547177126278057216,MS4wLjABAAAAu6HQkr_xttx9KRv3SruuKsg_cGBHi929xYKsty7xbFs_KwgUKBIdohv4wYlBUsQv,,2025-09-07 11:01:58,机器人全自动盖房子，三天盖别墅！国外都这么先进了？ #科技,https://www.douyin.com/video/7547177126278057216
建筑机器人,6980620383317740831,MS4wLjABAAAAUjDx813gkua_ffqononLBXOet6Buyyef4-Unt3FS2Ik,,2021-07-03 16:52:27,一款结合BIM模型数据的建筑工地自动放线机器人 #人工智能 #智慧工地 #科技 #机器人 #新基建,https://www.douyin.com/video/6980620383317740831
建筑机器人,7410692387644706074,MS4wLjABAAAAjKmsolMwCG9r0IsQ0dvPe8V6nH72yNZ6jvsbMq_qJ5I,,2024-09-04 15:51:34,#建筑机器人#知识科普 #建筑行业 #智慧工地 建筑工地机器人的覆盖率已经能够达到了95%！！！😱 可以采用大量机器人+少量工人的施工方式， 减少现场施工人员数量， 降低现场管理难度， 有效降低施工成本！ 而且机器人自动吸尘集尘回收♻️， 降低工人粉尘及有害物质吸入， 降低施工人员患职业病风险！ 关键这些机器人能不眠不休的工作， 做的又快又好，人哪里比得了呢？😅 难怪建筑专业的学生都开始转专业了， 学校里的传统建筑专业， 也的确是该进行智能化转型了！ 否则学生毕业即失业！ 未来的建筑从业人员， 更多是需要熟练运用数字化、智能化等手段，精细把控机器人进行施工作业。 未来十年预计会出现千万级建筑工人岗位缺口！！！😱,https://www.douyin.com/video/7410692387644706074
建筑机器人,7491238088216284428,MS4wLjABAAAAPzfttpiX4ttITgYeZYWfTXoCiBKxpoDDAglNMoVcFi4,,2025-04-09 19:15:59,建筑业早已进入机器人时代，看看我说的对吗？#人工智能机器人 #智能制造 #机器人 #科技创新 #中国智造,https://www.douyin.com/video/7491238088216284428
建筑机器人,7614803093294008059,MS4wLjABAAAApfJiFcgPo7XBG7Ny5Dz4RJpdWosRTpwb7sSg9xBk59Q,,2026-03-08 16:45:06,智能建造机器人上场，体力时代即将终结#机器人 #建筑机器人 #体力活 #知识科普 #建筑工程,https://www.douyin.com/video/7614803093294008059
建造机器人,7590719177812380968,MS4wLjABAAAAShdZY2XWloc1dCP72P6Hl59I7VrY98cKdYcz8A6cLcI,,2026-01-02 19:08:06,国外的外星球基地建造机器人系统研究测试#哈工老韩 #机器人,https://www.douyin.com/video/7590719177812380968
建造机器人,7551232477503753518,MS4wLjABAAAAPzfttpiX4ttITgYeZYWfTXoCiBKxpoDDAglNMoVcFi4,,2025-09-24 12:00:00,为什么感觉智能建造越来越好玩的呢？一定要看完这个视频#建筑机器人 #施工现场实拍 #建筑 #工地,https://www.douyin.com/video/7551232477503753518
建造机器人,7618496877008358702,MS4wLjABAAAAUf6eLRRD2TJ5ufYaD11h3gIv9M9QJHNyeDIXwyHmzQFKzLqB7oo5raRA-NQDuPO9,,2026-03-18 15:38:58,【James Bruton】造个能骑的四足机器人 #机器人 #DIY #硬核,https://www.douyin.com/video/7618496877008358702
建造机器人,7489387900648393999,MS4wLjABAAAA4is0Hr-9R_5Q4bM32oPExsxWEJvrQgLTcELn-RQZRmvs5jenlN91DgowkY0XBfC_,,2025-04-04 17:30:27,建筑机器人能否代替人在工地干活#机器人干活 #建筑机器人 #建筑机器人智能建造 @抖音小助手,https://www.douyin.com/video/7489387900648393999
建造机器人,7618601750149073146,MS4wLjABAAAATam4Won-Cqp064Wa6MQgAZaQRA_RXJa0qDJm1Noy5Qonp9h41WfmdOswd4fnVfev,,2026-03-18 22:25:49,智能建造爆发，2026年不懂建筑机器人必被淘汰#工程#建筑工程#新疆工程#工程人#新疆澳地建设,https://www.douyin.com/video/7618601750149073146
建造机器人,7617648063808539947,MS4wLjABAAAASqiAVn0PkZpEFkw3qy1XFlb6_JlG1muaxnjOFYAvHcRHW7-HDZskpRpPZiKPDptA,,2026-03-16 08:45:29,双盘抹平抹光机器人 的五大优势 工地新卷王：双盘抹平抹光机器人的五大核心优势大公开！#施工现场 #智能建造 #建筑机器人 #双盘抹平抹光机器人 #智慧工地,https://www.douyin.com/video/7617648063808539947
建造机器人,7596991309584403750,MS4wLjABAAAA3Z6r0bM5i5fYMFpg6IyMQEXdoC1icyZKQKMLAzQ4lMk,,2026-01-19 16:46:34,一条视频看懂，未来机器人如何建造你的新家 #机器人 #机器人替代人工 #智能机器人 #新型建筑技术,https://www.douyin.com/video/7596991309584403750
建造机器人,7522041109042171174,MS4wLjABAAAARGrD8YVWFhvOuTpq9NIraGo-veGah3U_75OkTyU8R-U,,2025-07-01 17:21:17,（一）智能建造机器人，降本增效#建筑工程#智能建造,https://www.douyin.com/video/7522041109042171174
机械臂建造/施工,7618158403131432618,MS4wLjABAAAAu369pK1HLbKIZog11sPeD7p-QcKtOzDZKonqhryIuzE,,2026-03-17 17:45:26,"阳春三月，长赣高铁江西段施工现场自动化机械臂、AI""参谋""、巡检机器狗等智能设备全面投入使用，推动智慧建造提速 。#智能建造赋能长赣高铁建设 #长赣高铁",https://www.douyin.com/video/7618158403131432618
机械臂建造/施工,7618602696417103865,MS4wLjABAAAAlNy9iocpl3jR3x5mBaXpsvP8fuE1zzs4w0BLQslXZqUTHv7KKQiE0C8NDr40rRhG,,2026-03-18 22:29:30,铸造厂实拍#浇筑机械手 #助力机械臂 #助力机械手 #原创视频,https://www.douyin.com/video/7618602696417103865
机械臂建造/施工,7618172331287085236,MS4wLjABAAAA36cMWmWxRy0ZbqLJ3IZAsKW8EPNTr56ny3RW37PBO3o,,2026-03-17 18:39:28,山东全境加长臂施工，车新人猛给钱就整，牛逼不牛逼，斗容见高低，车新司机老，啥活咱都搞#建筑工程机械 #铁路桥墩施工 #基础工程 #路桥施工 #交通工程施工,https://www.douyin.com/video/7618172331287085236
机械臂建造/施工,7618130992934553779,MS4wLjABAAAAp38Ac1chAWLfFw_3BZm_d_RI23S49lPHOFqbiCK-Wgs,,2026-03-17 15:59:03,塞尔维亚项目安装展示#施工现场实拍 #记录真实生活 #工业机器人 #机械臂,https://www.douyin.com/video/7618130992934553779
机械臂建造/施工,7390829132600429851,MS4wLjABAAAA3UTTK5FvSq7Cw5GOLnUe1DbGRgzklvaX8wFbnGM0UEXy9b_OtHqbl0FabTQd_qek,,2024-07-13 07:00:00,加长机械臂 #挖掘机 #现场施工 #工程机械 #挖掘机挖土视频 #挖机,https://www.douyin.com/video/7390829132600429851
机械臂建造/施工,7618158010041143680,MS4wLjABAAAA36cMWmWxRy0ZbqLJ3IZAsKW8EPNTr56ny3RW37PBO3o,,2026-03-17 17:43:54,济南加长臂施工，车新人猛给钱就整，牛逼不牛逼斗容见高低，车新司机老，啥活咱都搞#土石方工程 #建筑工程机械 #工程机械设备 #项目土方作业 河道清淤,https://www.douyin.com/video/7618158010041143680
机械臂建造/施工,7601498527209917711,MS4wLjABAAAAgtU0_C-DubkJ29At9MYt4_-BEs_bTsV6Gxt6RLG9x7f5A9Dj3oqq4xrtVAvB9HPv,,2026-02-01 20:30:00,为了加速灯塔的翻新速度，大卫和好基友斥巨资安装了一套机械臂 #荒野庇护所 #荒野建造 #户外 #露营 #解压,https://www.douyin.com/video/7601498527209917711
机械臂建造/施工,7611746368398429483,MS4wLjABAAAASqiAVn0PkZpEFkw3qy1XFlb6_JlG1muaxnjOFYAvHcRHW7-HDZskpRpPZiKPDptA,,2026-02-28 11:03:59,机器人真能全自动干活? 网友三大疑问一次说清... 建筑机器人是噱头还是生产力？ 针对大家对家装喷刮打磨一体机器人的疑问：自动导航、6自由度机械臂、柔性适配墙面... 本期视频一次性说透！人机协作，告别返工，看智能建造如何给工地“提速”！#智慧工地 #智能建造 #建筑机器人 #打磨抛光 #腻子喷涂机,https://www.douyin.com/video/7611746368398429483
3D打印建造/施工,7615882113360317797,MS4wLjABAAAALyedMx_UwC-7sO78LML0NsdVNsG3XLsSbGr13yya1g3PbZmWGtK0IFarkRmR6y4g,,2026-03-11 14:32:15,3D打印房子到底有多快？三天就能建到屋顶,https://www.douyin.com/video/7615882113360317797
3D打印建造/施工,7175105570913946938,MS4wLjABAAAA6bLX3PZ7VjrivX_M7WqMdIkxe21sW_GVUdAZhar7fVpbd12fkXLxR25KeWExLgCr,,2022-12-16 12:16:00,3D打印建造是新施工方法吗？目前还存在那些问题#3D打印 #3d房屋设计 #施工方法 #涨知识,https://www.douyin.com/video/7175105570913946938
3D打印建造/施工,7492770628139863323,MS4wLjABAAAANj9414mRm2BT1gGQRChDHU6eZCHUehn9oeadFCATCUsyre6-VKntQZhSJSAGw4Fq,,2025-04-13 20:21:18,高效节能的3D房屋打印技术 #3d打印房屋#房屋建造#工程施工,https://www.douyin.com/video/7492770628139863323
3D打印建造/施工,7564380183068167481,MS4wLjABAAAAm_-JB0nZsVJ7Z5LjO3cv6if1SN4H5OwpHNAfJ4QXPd4,,2025-10-23 19:38:28,发明3D打印技术的人真是个天才 #男人减速带 #女人减速带 #解压 #机械之美 #科普,https://www.douyin.com/video/7564380183068167481
3D打印建造/施工,7444450264200793379,MS4wLjABAAAAQShwJhBaib1LsX-KqiGdn4s1HoWiOodZR1osfy2KEWdLPJVMevb-3YnjR_us4jq4,,2024-12-04 15:09:22,3D打印如何重塑建筑行业？ #建筑界的黑科技 #3D打印如何重塑建筑行业？ #一天建一间房 #建筑工程 #机电安装工程 @安徽弘环境装备有限公司（风阀厂家）,https://www.douyin.com/video/7444450264200793379
3D打印建造/施工,7460467088910470458,MS4wLjABAAAAvY2v1Axfid7ah7pIBi5YMohCoslaaqjShAIMwtAULEY,,2025-01-16 19:02:52,混凝土3d打印机，打印房子过程。#智能建造 #现代化机械 #3d打印 #施工工艺 #新农村建设,https://www.douyin.com/video/7460467088910470458
3D打印建造/施工,7355150821836803369,MS4wLjABAAAAzcZyyNoTvehKhy1dByCSg464PoK5zatn8vwfkR_33YzqVoYW3RVAvy_fYEMlFht7,,2024-04-07 23:41:49,用3D打印技术建的房子，缩短工期的同时还能降低成本#每天分享制作过程 #施工现场实拍 #3d打印作品 #3d打印房屋,https://www.douyin.com/video/7355150821836803369
3D打印建造/施工,7593319756917263668,MS4wLjABAAAANvTXPeEvhK_VFcLgVWFGmWK31g1tx_w0aDqCILnhA8ubmN5boD88jt8eIeGkRCxk,,2026-01-09 19:19:41,3D打印的房屋，建造速度快又结实 #3D打印 #房屋 #涨知识 #建造 #科普,https://www.douyin.com/video/7593319756917263668
无人机建造/施工,7618514962553504505,MS4wLjABAAAA9kdeNzBTQo5zH26sb22MED36NTuVhGp6yo6SbhG4CoM,,2026-03-18 16:49:03,农村盖房，路不通怎么办？看我无人机飞着建！#记录工地上的点点滴滴 #用抖音记录我的人生路 #抖出你的家乡美景 #工程人一直在路上 #农村盖房,https://www.douyin.com/video/7618514962553504505
无人机建造/施工,7618519339059238905,MS4wLjABAAAA-m3TMI0p64cqQCuJroTqDf8wCbDtZyIXMU6gFfeA6e2pHGz4N9-rpfOICSUC-YOG,,2026-03-18 17:06:02,农村盖房，路不通怎么办？看我无人机飞着建！#农村建设现场实拍 #新农村建设 #施工现场实拍 #农村盖房 #同城,https://www.douyin.com/video/7618519339059238905
无人机建造/施工,7618519656831260785,MS4wLjABAAAALoOkRDqJFyhnkf8_yhb9s8Xt4lCCbIVwYOBSGY_C0_5W73dn2ljmBfi3rmLOpBbd,,2026-03-18 17:07:16,无人机桥墩施工打样现场#无人机喷漆 #无人机喷涂 #无人机 #施工现场实拍 #基建,https://www.douyin.com/video/7618519656831260785
无人机建造/施工,7618518671372185777,MS4wLjABAAAAbWp1e1VgP_oc31JqO4sKY6RpoNIZy9vTA5h2Tc6zjs_ejFHRUxC4EewDHuS_Uotg,,2026-03-18 17:03:26,农村盖房，路不通怎么办？看我无人机飞着建！#记录施工现场 #民间实拍 #记录家乡美景 #随时随地记录身边事 #农村盖房,https://www.douyin.com/video/7618518671372185777
无人机建造/施工,7474491988608421157,MS4wLjABAAAAN4VIpnjudUus8QpwJL5IonOJcMpy38cHZvF59yt5XIA,城市建设,2025-02-23 14:09:31,老外不懂得中国基建延时摄影大片导演版来了 我们拍的不仅是工程，是写给未来的史诗。#为建设者鼓掌 #无人机航拍 #建筑施工现场 #城市建设#点亮城市之光,https://www.douyin.com/video/7474491988608421157
无人机建造/施工,7614543295302360539,MS4wLjABAAAAfVGewRl71qeMgnKlTFQcXbkohzrKuVtun28ZkbOq8Bo,,2026-03-07 23:56:57,#无人机应用 ##施工现场实拍 #吊装作业 #项目建设,https://www.douyin.com/video/7614543295302360539
无人机建造/施工,7614070435814051114,MS4wLjABAAAA3DaBnXlB_CnfSKnrfFtNk7HUlHySrNxng3iS6h-7LUo,,2026-03-06 20:00:00,杭州无人机公园运动场建成 助力低空经济发展，超大型无人机公园建成，杭州宝力创新工艺，无浇筑基础摊铺人工草坪！#低空经济 #人工草坪施工 #宝力体育 #运动场建设 #无人机,https://www.douyin.com/video/7614070435814051114
无人机建造/施工,7615222599362137395,MS4wLjABAAAAOaprgDUMP4pv3ULNavmCxGQuhX8UPTq4EE4Pp7pmpn4,,2026-03-09 19:53:14,全国首例海上风力发电设施无人机吊装任务完美结束 最困难的施工任务，最复杂的施工环境，方能打造最优秀的飞手。#无人机 #无人机吊运 #大载重无人机 #风力发电,https://www.douyin.com/video/7615222599362137395
无人塔机/塔吊,7373517376127552779,MS4wLjABAAAAG-LAUufsqXCJUrCniN5zlcS5JKaWSwjwDGk3Iw-eOcg,,2024-05-27 11:33:27,智能无人驾驶塔机来了,https://www.douyin.com/video/7373517376127552779
无人塔机/塔吊,7023894800072052008,MS4wLjABAAAAH_eKNGwrtFEXLrkjoloNYBWv2fhOo3qYhb2mEl1BMTo,,2021-10-28 07:39:10,退休之前，塔吊无人操作化,https://www.douyin.com/video/7023894800072052008
无人塔机/塔吊,7508703062765161768,MS4wLjABAAAAKKh3Y3lW2IK0GdmMDJdoXd51iQ2vInaYwC2jMowAhYdFWKBlHZzB59c-EOJv4AzI,,2025-05-26 18:46:57,智控革新，安全无忧！中建八局自主研发的无人驾驶塔吊精准作业、高效运转，助力现场建设安全、质效双提升~,https://www.douyin.com/video/7508703062765161768
无人塔机/塔吊,7563603235374632238,MS4wLjABAAAAPzfttpiX4ttITgYeZYWfTXoCiBKxpoDDAglNMoVcFi4,,2025-10-21 19:25:00,现代工业新宠！无人塔吊如何改变传统施工方式？#建筑机器人 #施工现场实拍 #建筑 #工地,https://www.douyin.com/video/7563603235374632238
无人塔机/塔吊,7502275447711976767,MS4wLjABAAAAxupGG_AUnH3YwVJGLdq0sv9URbPhpXo15TTYGXPo-Pk,,2025-05-09 11:02:29,远程操控！“无人塔吊”塔机智能集控系统首次在四川投用 来源：快科技 #无人塔吊 #智能塔吊 #远程塔吊,https://www.douyin.com/video/7502275447711976767
无人塔机/塔吊,6977591277718195463,MS4wLjABAAAAaNcVV-eSnagRzJ19zSfICbTHOfPgcvQ-cr8yA_oMHnA,,2021-06-25 12:57:55,#塔吊 智能穿戴控制，无人驾驶塔机！中天首发，惊艳亮相天津国家会展中心,https://www.douyin.com/video/6977591277718195463
无人塔机/塔吊,7485307941256547593,MS4wLjABAAAAam85i-Qq6oS7_z_zodwvI5eSBWiGH0MPnCupERkCqXeA1q9TrrWX0P80eiAunAsX,,2025-03-24 17:38:03,未来已来！广东腾晖带你探索智能塔吊的智能建造新境界！ 探索智能建造新时代，广东腾晖邀您走进智能塔机！采用先进的AI技术，实现自动化操作与监控，大幅提升工作效率与安全性。#智能塔机 #科技引领未来 #智能建造 #无人塔吊#降本增效,https://www.douyin.com/video/7485307941256547593
无人塔机/塔吊,7618412736015338786,MS4wLjABAAAAam85i-Qq6oS7_z_zodwvI5eSBWiGH0MPnCupERkCqXeA1q9TrrWX0P80eiAunAsX,,2026-03-18 10:12:29,你是不是也好奇？智能塔机究竟智能在什么地方？#智能塔机 #腾晖制造 #自动驾驶 #工地黑科技 #ai @腾晖科技,https://www.douyin.com/video/7618412736015338786
智能塔机/塔吊,7611393436977916136,MS4wLjABAAAAZy7JmSyOhSr7l_79GtL4iqKtRD3L945AIwhbynflYvcIuh0WoOsTLi37Ap5CXKC5,,2026-02-27 12:13:54,智能无人塔机，无人电梯,https://www.douyin.com/video/7611393436977916136
智能塔机/塔吊,7571394082778516742,MS4wLjABAAAAaCMelkfk2vMrJ_hlPIpsywDgrY79laaxuL8KBz5in-4,,2025-11-11 19:20:00,无人塔吊横空出世塔吊从业者的福音来袭 #工地 #建筑 #施工现场实拍 #建筑机器人 #无人塔吊,https://www.douyin.com/video/7571394082778516742
智能塔机/塔吊,7613174175360692635,MS4wLjABAAAAq2WSGOnvfKNVZ4yVwBeLv_Act-TIcdH3ComPl2dYn0g,,2026-03-04 07:24:06,塔吊已不需要司机了#智能建造#无人塔吊#建筑工程#实战培训#刘祥课堂,https://www.douyin.com/video/7613174175360692635
智能塔机/塔吊,7595467489740442886,MS4wLjABAAAAw6SV5OPwtKoE9rFoRMo49G375cfmMq2L8rum0AvKtvA,,2026-01-15 14:13:15,智能无人塔吊 手握智能无人塔吊手机控制器，穿梭在半成型的楼层里，脚手架是我的“林间栈道”，钢柱钢梁成了辨认方向的路标。这是中科大科技商学院项目的钢结构吊装环节，每一块钢材的精准就位，都关系着后续施工节奏。烈日下安全帽晒得发烫，反光背心却成了我的“铠甲”，手持控制器操作塔吊挪动时，耳边除了机械轰鸣，还有工友们的呼应。咱一线人干的就是实打实的活，看着框架一天天拔起，再累也觉得值！,https://www.douyin.com/video/7595467489740442886
智能塔机/塔吊,7519433561410833716,MS4wLjABAAAA-PmnPEMKW22UY0sQBof5ZKCcx_A20-cm-VXD1KERk75XNjhselJooQtZ_zRpH-Sd,,2025-06-24 16:42:43,#智能建造 #无人塔吊 #智能塔机,https://www.douyin.com/video/7519433561410833716
智能塔机/塔吊,7549483468728618275,MS4wLjABAAAAC0NP71lyZHa6L4btFtSO35Ag_fi15hoqGvSNPpiFGus,,2025-09-16 18:15:00,广联达智能塔吊亮相服贸会 智控高空 安全革新—广联达智能塔吊亮相服贸会，远程驾驶、主动防撞、大数据分析精准提效，超厉害 #服贸会 #广联达 #智能塔吊 #施工 #塔吊司机,https://www.douyin.com/video/7549483468728618275
智能塔机/塔吊,7488592146610572585,MS4wLjABAAAAQPxvhOjGyNuz6I1vItn698AzSqP_wJ4153ZSktGS6Y8,,2025-04-02 14:04:05,眼见为实，我去瞅瞅智能塔吊系统怎么样 #塔吊 #建筑工程 #工程必备 #建筑 #塔吊司机,https://www.douyin.com/video/7488592146610572585
智能塔机/塔吊,7527616343609314594,MS4wLjABAAAAam85i-Qq6oS7_z_zodwvI5eSBWiGH0MPnCupERkCqXeA1q9TrrWX0P80eiAunAsX,,2025-07-16 17:56:19,带你了解远程自动驾驶舱#远程驾驶 #手动微调 #无人塔吊 #智能塔机 #广东腾晖 @腾晖科技,https://www.douyin.com/video/7527616343609314594
自动化建造/施工,7486636443973012776,MS4wLjABAAAADYrzNh-XC31VgkOxIkgOIlLuhaYzxHdM_NZs78OyfiM,,2025-03-28 07:42:21,2025一建机电实务 自动化仪表线路施工 #一级建造师#一建考试#一建备考#原版教材视频,https://www.douyin.com/video/7486636443973012776
自动化建造/施工,7532416145770089787,MS4wLjABAAAA8AN8pU8KupMS0ogEXRCAP7qDDXOfpwr2W31sMOrkwAI,,2025-07-29 16:21:44,#安全生产 #工业自动化 #科技创新 #工业机器人 #施工安全,https://www.douyin.com/video/7532416145770089787
自动化建造/施工,7618794321323592970,MS4wLjABAAAAePFf03AOr2k_HKGOpIVw7DqEYs13Spqsu8dyqOp7HFyr_aMCxtgE47ibnwSQX5Wi,,2026-03-19 10:53:12,未来建造将如何“逆天”？北斗+BIM+智能建造给出答案 未来建造将如何“逆天”？北斗+BIM+智能建造给出答案#智能建造 #北斗智能建造 @天玑科技,https://www.douyin.com/video/7618794321323592970
自动化建造/施工,7577318811586563337,MS4wLjABAAAAFclTir9Spvs_g08OkLtEDdEL_4W-OY_2Tm4-zhCepoI,,2025-11-30 05:30:00,工地变机器人流水线，你的工种会被取代吗？ #工地机器人 #智能建造 #测量机器人 #八局 #三局,https://www.douyin.com/video/7577318811586563337
自动化建造/施工,7617786517931244977,MS4wLjABAAAAnIvpt-ASqOlbmCV04Z0ibLUE__ah_cIavckSL8A3Ot0GiwDHCbPm2aTS5NHgu1D4,,2026-03-16 17:42:18,能施工重塑整个行业的施工模式 #装修 #机器人施工 #涨知识,https://www.douyin.com/video/7617786517931244977
自动化建造/施工,7616684500194647291,MS4wLjABAAAAXGJ9mdHFaRqXhYVosl5amYTwD5RiOfZiyTNBAC5pc-s,,2026-03-13 18:25:55,钢筋绑扎机器人越来越牛。你们觉得如何？ #建筑工程 #科技 #机器人 #钢筋绑扎,https://www.douyin.com/video/7616684500194647291
自动化建造/施工,7616249162635463977,MS4wLjABAAAAhlT4DjtC2r4HoEwHKL3t7bhIahQYfNwG4TpEcx6REPbOx7k3IFEM0-in9ovraFUP,,2026-03-12 14:16:56,工地来了“新工友” 云融集采·智能建造实拍：抹灰机器人、瓷砖铺贴机器人施工现场，AI让施工更高效精准！#云融集采 #云融智能建造 #云融智工 #机械科技 #施工机器人,https://www.douyin.com/video/7616249162635463977
自动化建造/施工,7618162579894052521,MS4wLjABAAAAXGJ9mdHFaRqXhYVosl5amYTwD5RiOfZiyTNBAC5pc-s,,2026-03-17 18:01:37,机器人投入各大项目，传统工人何去何从？ #建筑工程 #机器人 #科技 #钢筋绑扎,https://www.douyin.com/video/7618162579894052521
造楼机,6982114885358472462,MS4wLjABAAAAt6AsGhjrHeoxZNkceYg2J0FWvrWKzEaTAvF44-sPYco,,2021-07-07 17:31:50,三天建成一层楼！1500吨“巨无霸”空中造楼，这个超级装备刷屏了！ #大国建造,https://www.douyin.com/video/6982114885358472462
造楼机,7275348486889934095,MS4wLjABAAAAweF8BmCQZw-m5FHq7gMfKA9Tu9mmbNHHeGRWTgc09HEGMWeJbzU7lmEaNVGFkBSH,,2023-09-05 22:28:01,有了它，十三小不愁建，有望明年搬进新校园#抖进科学 #科技创新,https://www.douyin.com/video/7275348486889934095
造楼机,7540156220574584114,MS4wLjABAAAAVzqjbYxB0lgfTdSR2B8ugD4OGrIef6jMMeTQFPPX0qc,,2025-08-19 12:57:08,造楼机,https://www.douyin.com/video/7540156220574584114
造楼机,7530947198122741049,MS4wLjABAAAAlw49FdTdp3z-49B9cYqvq1hXsCGaD6YOU77OLLkH9IQ,,2025-07-25 17:21:27,五天一层楼，机器人代替人工造楼有没有搞头 #工程 #工程人 #造楼机#工程项目 #土木工程,https://www.douyin.com/video/7530947198122741049
造楼机,7568393333576404274,MS4wLjABAAAAo-fUfmC3hJSRev7ycDBU9kCDUwvmk5VOTgBHLhi7RZQ,,2025-11-04 09:00:00,5天一层楼！中国“自动造楼机”正在重新定义建筑工地#科技 #AI #机器人 #科技改变生活 #建筑,https://www.douyin.com/video/7568393333576404274
造楼机,7485772270766394674,MS4wLjABAAAAbLKnNOPAyIZ3VImhZ4vf7ObOloXBeqho44SlbdoGCmE,,2025-03-25 23:40:12,空中造楼机，已经开始了全新的智造时代，颠覆传统的建造模式，把建筑系统话，模块化、精准化、智能化，从蓝图到云端，有一种力量，让建筑直破苍穹，那就是空中造楼机。它突破重力的束缚，以钢铁之躯为城市打造向上的轨迹。这一建筑科技的结晶，将模块化施工发挥到极致，每一次精准运作，都让楼层如春笋拔节。它不仅是建筑工具，更是时代的先锋，重新定义超高层建造速度，见证着人类不断超越的雄心，在天际书写独属于现代文明的奇迹篇章。#城中村改造 #别墅设计 #建筑 #设计 #城中村,https://www.douyin.com/video/7485772270766394674
造楼机,7162069469706210575,MS4wLjABAAAAA7s_PXnCPdc5_t4p7NkHeomoz7TuXOIKkKt0XkYj6XA,,2022-11-04 16:07:37,“造楼机”来啦！,https://www.douyin.com/video/7162069469706210575
造楼机,7287759757669076282,MS4wLjABAAAA140JhcgVe5oLugbMlKRASP6YjiGObgWQu2eghAJBzhE,,2023-10-09 09:10:09,“盖楼神器”#空中造楼机 ，最快三四天建一层楼，最大顶升重量达2400吨！,https://www.douyin.com/video/7287759757669076282
智能施工装备,7618148630670658859,MS4wLjABAAAAik6X_wzYVwzlYMzLdP3eqL3UIcLjwtZplvNJj3761561ZKVaw9FEbTRISRM4LfKw,,2026-03-17 17:07:37,隧道为什么挖不塌，就靠这5步！ #隧道施工 #凿岩台车 #湿喷台车 #人间观察计划 #开创星智能装备,https://www.douyin.com/video/7618148630670658859
智能施工装备,7615378202995644608,MS4wLjABAAAAq0JJeNq3_zeU8H6TTPMo2JHox-rgjRDW1XMDpXTzhu_k2Iq1UlhJK0YAZgb5Gpin,,2026-03-10 05:56:57,#智能开槽机是集激光定位、智能识别、无尘作业、自动行走于一体的新一代施工装备。设备搭载高精度传感系统与智能控制系统，可精准识别墙体电位、管线位置，自动规划开槽路径，实时避让障碍物。作业过程横平竖直、槽面平滑、无粉尘污染，动作流畅稳定，施工精度与效率远超传统人工。机身小巧灵活，适配狭小空间施工，广泛应用于家装、工装、水电改造等场景，以智能化、标准化、高效化重新定义墙面开槽施工标准。#水电改造 #保定水电施工#保定装修,https://www.douyin.com/video/7615378202995644608
智能施工装备,7580341508495848512,MS4wLjABAAAA_t6HPEhzEjsyWiszeWjl_1HGlt9smUijs4VBRklugU8,,2025-12-05 19:56:36,#长江底下的工程奇迹：盾构机对接#智能装备 #强烈推荐 #技术革新 #科技,https://www.douyin.com/video/7580341508495848512
智能施工装备,7612466532488154394,MS4wLjABAAAASqiAVn0PkZpEFkw3qy1XFlb6_JlG1muaxnjOFYAvHcRHW7-HDZskpRpPZiKPDptA,,2026-03-02 09:38:34,一线建筑企业都在用的混凝土地面施工机器人 遥控操作，上手简单，纯电驱，零排放。方石机器人，让地坪施工快、准、省！#建筑机器人 #智能建造 #智慧工地 #刮大白 #腻子喷刮,https://www.douyin.com/video/7612466532488154394
智能施工装备,7616249162635463977,MS4wLjABAAAAhlT4DjtC2r4HoEwHKL3t7bhIahQYfNwG4TpEcx6REPbOx7k3IFEM0-in9ovraFUP,,2026-03-12 14:16:56,工地来了“新工友” 云融集采·智能建造实拍：抹灰机器人、瓷砖铺贴机器人施工现场，AI让施工更高效精准！#云融集采 #云融智能建造 #云融智工 #机械科技 #施工机器人,https://www.douyin.com/video/7616249162635463977
智能施工装备,7618152875097831802,MS4wLjABAAAAuQ3rYBq4lWgYZ8XFR7biR54KTKSfjbn6GwFJlvSR9V8,,2026-03-17 17:23:58,贴砖师傅要慌了？这机器人手艺比老师傅还稳#贴砖机器人 #装修黑科技 #瓷砖铺贴工艺 #智能装修 #现场施工,https://www.douyin.com/video/7618152875097831802
智能施工装备,7492301327666662710,MS4wLjABAAAA8tbfg5HBHCQE-TGDeKksraa-Zz2HKyi8UYEWuEkEoXU,,2025-04-12 13:56:08,年轻人最值得入手的第一台施工机器人#打工日记 #智能建造 #施工机器人 #打工vlog,https://www.douyin.com/video/7492301327666662710
智能施工装备,7610338717093481779,MS4wLjABAAAAik6X_wzYVwzlYMzLdP3eqL3UIcLjwtZplvNJj3761561ZKVaw9FEbTRISRM4LfKw,,2026-02-24 16:01:52,隧道大机逐渐成为标配，其实为的不是速度而是安全 #隧道施工 #湿喷台车 #凿岩台车 #开创星智能装备 #施工安全,https://www.douyin.com/video/7610338717093481779
